{
  "model_version": "v4-regime-calibrated-heuristic",
  "rounds": [
    {
      "round_id": "d0a2c894-2162-4d49-86cf-435b9013f3b8-train",
      "average_score": 59.887174165470945,
      "seed_scores": [
        61.709198102582874,
        60.7986136268909,
        61.36968851089152,
        61.51543231049891,
        54.04293827649056
      ],
      "pred_dynamic_mass": 0.29279099049757495,
      "truth_dynamic_mass": 0.260935,
      "pred_high_entropy_settlement": 0.29994681846364746,
      "truth_high_entropy_settlement": 0.32451830489736044,
      "pred_high_entropy_port": 0.020798163886391004,
      "truth_high_entropy_port": 0.017583098076482152,
      "pred_high_entropy_ruin": 0.06061324785018947,
      "truth_high_entropy_ruin": 0.03149693459682897,
      "covered_dynamic_weighted_kl": 0.14097509840255804,
      "uncovered_dynamic_weighted_kl": 0.26780342231695836
    }
  ],
  "average_score": 59.887174165470945,
  "aggregate_metrics": {
    "pred_dynamic_mass": 0.29279099049757495,
    "truth_dynamic_mass": 0.260935,
    "pred_high_entropy_settlement": 0.29994681846364746,
    "truth_high_entropy_settlement": 0.32451830489736044,
    "pred_high_entropy_port": 0.020798163886391004,
    "truth_high_entropy_port": 0.017583098076482152,
    "pred_high_entropy_ruin": 0.06061324785018947,
    "truth_high_entropy_ruin": 0.03149693459682897,
    "covered_dynamic_weighted_kl": 0.14097509840255804,
    "uncovered_dynamic_weighted_kl": 0.26780342231695836
  }
}
